1,614,1,614,WP_000582468,N/A,MULTISPECIES: selenocysteine-specific translation elongation factor [Enterobacteriaceae],0.0,614,MIIATAGHVDHGKTTLLQAITGVNADRLPEEKKRGMTIDLGYAYWPQPDGRVPGFIDVPGHEKFLSNMLAGVGGIDHALLVVACDDGVMAQTREHLAILQLTGNPMLTVALTKADRVDEARVDEVERQVKEVLREYGFAEAKLFITAATEGRGMDALREHLLQLPEREHASQHSFRLAIDRAFTVKGAGLVVTGTALSGEVKVGDSLWLTGVNKPMRVRALHAQNQPTETANAGQRIALNIAGDAEKEQINRGDWLLADVPPEPFTRVIVELQTHTPLTQWQPLHIHHAASHVTGRVSLLEDNLAELVFDTPLWLADNDRLVLRDISARNTLAGARVVMLNPPRRGKRKPEYLQWLASLARAQSDADALSVHLERGAVNLADFAWARQLNGEGMRELLQQPGYIQAGYSLLNAPVAARWQRKILDTLATYHEQHRDEPGPGRERLRRMALPMEDEALVLLLIEKMRESGDIHSHHGWLHLPDHKAGFSEEQQAIWQKAEPLFGDEPWWVRDLAKETGTDEQAMRLTLRQAAQQGIITAIVKDRYYRNDRIVEFANMIRDLDQECGSTCAADFRDRLGVGRKLAIQILEYFDRIGFTRRRGNDHLLRDALLFPEK
1,614,1,614,HAL5995256,N/A,selenocysteine-specific translation elongation factor [Escherichia coli],0.0,614,MIIATAGHVDHGKTTLLQAITGVNADRLPEEKKRGMTIDLGYAYWPQPDGRVPGFIDVPGHEKFLSNMLAGVGGIDHALLVVACDDGVMAQTREHLAILQLTGNPMLTVALTKADRVDEARVDEVERQVKEVLREYGFAEAKLFITAATEGRGMDALREHLLQLPEREHASQHSFRLAIDRAFTVKGAGLVVTGTALSGEVKVGDSLWLTGVNKPMRVRALHAQNQPTETANAGQRIALNIAGDAEKEQINRGDWLLADVPPEPFTRVIVELQTHTPLTQWQPLHIHHAASHVTGRVSLLEDNLAELVFDTPLWLADNDRLVLRDISARNTLAGARVVMLNPPRRGKRKPEYLQWLASLARAQSDADALSVHLERGAVNLADFAWARQLNGEGMRELLQQPGYIQAGYSLLNAPVAARWQRKILDTLATYHEQHRDEPGPGRERLRRMALPMEDEALVLLLIEKMRESGDIHSHHGWLHLPDHKAGFSEEQQAIWQKAEPLFGDEPWWVRDLAKETGTDEQAMRLTLRQAAQQGIITAIIKDRYYRNDRIVEFANMIRDLDQECGSTCAADFRDRLGVGRKLAIQILEYFDRIGFTRRRGNDHLLRDALLFPEK
1,614,1,614,WP_000582467,N/A,selenocysteine-specific translation elongation factor [Escherichia coli],0.0,614,MIIATAGHVDHGKTTLLQAITGVNADRLPEEKKRGMTIDLGYAYWPQPDGRVPGFIDVPGHEKFLSNMLAGVGGIDHALLVVACDDGVMAQTREHLAILQLTGNPMLTVALTKADRVDEARVDEVERQVKEVLREYGFAEAKLFITAATEGRGMDALREHLLQLPEREHASQHSFRLAIDRAFTVKGAGLVITGTALSGEVKVGDSLWLTGVNKPMRVRALHAQNQPTETANAGQRIALNIAGDAEKEQINRGDWLLADVPPEPFTRVIVELQTHTPLTQWQPLHIHHAASHVTGRVSLLEDNLAELVFDTPLWLADNDRLVLRDISARNTLAGARVVMLNPPRRGKRKPEYLQWLASLARAQSDADALSVHLERGAVNLADFAWARQLNGEGMRELLQQPGYIQAGYSLLNAPVAARWQRKILDTLATYHEQHRDEPGPGRERLRRMALPMEDEALVLLLIEKMRESGDIHSHHGWLHLPDHKAGFSEEQQAIWQKAEPLFGDEPWWVRDLAKETGTDEQAMRLTLRQAAQQGIITAIVKDRYYRNDRIVEFANMIRDLDQECGSTCAADFRDRLGVGRKLAIQILEYFDRIGFTRRRGNDHLLRDALLFPEK
1,614,1,614,WP_196010840,N/A,selenocysteine-specific translation elongation factor [Escherichia coli],0.0,614,MIIATAGHVDHGKTTLLQAITGVNADRLPEEKKRGMTIDLGYAYWPQPDGRVPGFIDVPGHEKFLSNMLAGVGGIDHALLVVACDDGVMAQTREHLAILQLTGNPMLTVALTKADRVDEARVDEVERQVKEILREYGFAEAKLFITAATEGRGMDALREHLLQLPEREHASQHSFRLAIDRAFTVKGAGLVVTGTALSGEVKVGDSLWLTGVNKPMRVRALHAQNQPTETANAGQRIALNIAGDAEKEQINRGDWLLADVPPEPFTRVIVELQTHTPLTQWQPLHIHHAASHVTGRVSLLEDNLAELVFDTPLWLADNDRLVLRDISARNTLAGARVVMLNPPRRGKRKPEYLQWLASLARAQSDADALSVHLERGAVNLADFAWARQLNGEGMRELLQQPGYIQAGYSLLNAPVAARWQRKILDTLATYHEQHRDEPGPGRERLRRMALPMEDEALVLLLIEKMRESGDIHSHHGWLHLPDHKAGFSEEQQAIWQKAEPLFGDEPWWVRDLAKETGTDEQAMRLTLRQAAQQGIITAIVKDRYYRNDRIVEFANMIRDLDQECGSTCAADFRDRLGVGRKLAIQILEYFDRIGFTRRRGNDHLLRDALLFPEK
1,614,1,614,WP_115203108,N/A,selenocysteine-specific translation elongation factor [Escherichia coli],0.0,614,MIIATAGHVDHGKTTLLQAITGVNADRLPEEKKRGMTIDLGYAYWPQPDGRVPGFIDVPGHEKFLSNMLAGVGGIDHALLVVACDDGVMAQTREHLAILQLTGNPMLTVALTKADRVDEARVDEVERQIKEVLREYGFAEAKLFITAATEGRGMDALREHLLQLPEREHASQHSFRLAIDRAFTVKGAGLVVTGTALSGEVKVGDSLWLTGVNKPMRVRALHAQNQPTETANAGQRIALNIAGDAEKEQINRGDWLLADVPPEPFTRVIVELQTHTPLTQWQPLHIHHAASHVTGRVSLLEDNLAELVFDTPLWLADNDRLVLRDISARNTLAGARVVMLNPPRRGKRKPEYLQWLASLARAQSDADALSVHLERGAVNLADFAWARQLNGEGMRELLQQPGYIQAGYSLLNAPVAARWQRKILDTLATYHEQHRDEPGPGRERLRRMALPMEDEALVLLLIEKMRESGDIHSHHGWLHLPDHKAGFSEEQQAIWQKAEPLFGDEPWWVRDLAKETGTDEQAMRLTLRQAAQQGIITAIVKDRYYRNDRIVEFANMIRDLDQECGSTCAADFRDRLGVGRKLAIQILEYFDRIGFTRRRGNDHLLRDALLFPEK
1,614,1,614,EIP0407494,N/A,selenocysteine-specific translation elongation factor [Escherichia coli],0.0,614,MIIATAGHVDHGKTTLLQAITGVNADRLPEEKKRGMTIDLGYAYWPQPDGRVPGFIDVPGHEKFLSNMLAGVGGIDHALLVVACDDGVMAQTREHLAILQLTGNPMLTVALTKADRVDEARVDEVERQVKEVLREYGFAEAKLFITAATEGRGMDALREHLLQLPEREHASQHSFRLAIDRAFTVKGAGLVVTGTALSGEVKVGDSLWLTGVNKPMRVRALHAQNQPTETANAGQRIALNIAGDAEKEQINRGDWLLADVPPEPFTRVIVELQTHTPLTQWQPLHIHHAASHVTGRVSLLEDNLAELVFDTPLWLADNDRLVLRDISARNTLAGARVVMLNPPRRGKRKPEYLQWLASLARAQSDADALSIHLERGAVNLADFAWARQLNGEGMRELLQQPGYIQAGYSLLNAPVAARWQRKILDTLATYHEQHRDEPGPGRERLRRMALPMEDEALVLLLIEKMRESGDIHSHHGWLHLPDHKAGFSEEQQAIWQKAEPLFGDEPWWVRDLAKETGTDEQAMRLTLRQAAQQGIITAIVKDRYYRNDRIVEFANMIRDLDQECGSTCAADFRDRLGVGRKLAIQILEYFDRIGFTRRRGNDHLLRDALLFPEK
1,614,1,614,WP_249482366,N/A,selenocysteine-specific translation elongation factor [Escherichia coli],0.0,614,MIIATAGHVDHGKTTLLQAITGVNADRLPEEKKRGMTIDLGYAYWPQPDGRVPGFIDIPGHEKFLSNMLAGVGGIDHALLVVACDDGVMAQTREHLAILQLTGNPMLTVALTKADRVDEARVDEVERQVKEVLREYGFAEAKLFITAATEGRGMDALREHLLQLPEREHASQHSFRLAIDRAFTVKGAGLVVTGTALSGEVKVGDSLWLTGVNKPMRVRALHAQNQPTETANAGQRIALNIAGDAEKEQINRGDWLLADVPPEPFTRVIVELQTHTPLTQWQPLHIHHAASHVTGRVSLLEDNLAELVFDTPLWLADNDRLVLRDISARNTLAGARVVMLNPPRRGKRKPEYLQWLASLARAQSDADALSVHLERGAVNLADFAWARQLNGEGMRELLQQPGYIQAGYSLLNAPVAARWQRKILDTLATYHEQHRDEPGPGRERLRRMALPMEDEALVLLLIEKMRESGDIHSHHGWLHLPDHKAGFSEEQQAIWQKAEPLFGDEPWWVRDLAKETGTDEQAMRLTLRQAAQQGIITAIVKDRYYRNDRIVEFANMIRDLDQECGSTCAADFRDRLGVGRKLAIQILEYFDRIGFTRRRGNDHLLRDALLFPEK
1,614,1,614,WP_073546586,N/A,selenocysteine-specific translation elongation factor [Escherichia coli],0.0,614,MIIATAGHVDHGKTTLLQAITGVNADRLPEEKKRGMTIDLGYAYWPQPDGRVPGFIDVPGHEKFLSNMLAGVGGIDHALLVVACDDGVMAQTREHLAILQLTGNPMLTVALTKADRVDEARVDEVERQVKEVLREYGFAEAKLFVTAATEGRGMDALREHLLQLPEREHASQHSFRLAIDRAFTVKGAGLVVTGTALSGEVKVGDSLWLTGVNKPMRVRALHAQNQPTETANAGQRIALNIAGDAEKEQINRGDWLLADVPPEPFTRVIVELQTHTPLTQWQPLHIHHAASHVTGRVSLLEDNLAELVFDTPLWLADNDRLVLRDISARNTLAGARVVMLNPPRRGKRKPEYLQWLASLARAQSDADALSVHLERGAVNLADFAWARQLNGEGMRELLQQPGYIQAGYSLLNAPVAARWQRKILDTLATYHEQHRDEPGPGRERLRRMALPMEDEALVLLLIEKMRESGDIHSHHGWLHLPDHKAGFSEEQQAIWQKAEPLFGDEPWWVRDLAKETGTDEQAMRLTLRQAAQQGIITAIVKDRYYRNDRIVEFANMIRDLDQECGSTCAADFRDRLGVGRKLAIQILEYFDRIGFTRRRGNDHLLRDALLFPEK
1,614,1,614,WP_208465329,N/A,selenocysteine-specific translation elongation factor [Escherichia coli],0.0,614,MIIATAGHVDHGKTTLLQAITGVNADRLPEEKKRGMTIDLGYAYWPQPDGRVPGFIDVPGHEKFLSNMLAGVGGIDHALLVVACDDGVMAQTREHLAILQLTGNPMLTVALTKADRVDEARVDEVERQVKEVLREYGFAEAKLFITAATEGRGMDALREHLLQLPEREHASQHSFRLAIDRAFTVKGAGLVVTGTALSGEVKVGDSLWLTGVNKPMRVRALHAQNQPTETANAGQRIALNIAGDAEKEQINRGDWLLADVPPEPFTRVIVELQTHTPLTQWQPLHIHHAASHVTGRVSLLEDNLAELVFDTPLWLADNDRLVLRDISARNTLAGARVVMLNPPRRGKRKPEYLQWLASLARAQSDADALSVHLERGAVNLADFAWARQLNGEGMRELLQQPGYIQAGYSLLNAPVAARWQRKILDTLATYHEQHRDEPGPGRERLRRMALPMEDEALVLLLIEKMRESGDIHSHHGWMHLPDHKAGFSEEQQAIWQKAEPLFGDEPWWVRDLAKETGTDEQAMRLTLRQAAQQGIITAIVKDRYYRNDRIVEFANMIRDLDQECGSTCAADFRDRLGVGRKLAIQILEYFDRIGFTRRRGNDHLLRDALLFPEK
1,614,1,614,WP_220417255,N/A,selenocysteine-specific translation elongation factor [Escherichia coli],0.0,614,MIIATAGHVDHGKTTLLQAITGVNADRLPEEKKRGMTIDLGYAYWPQPDGRVPGFIDVPGHEKFLSNMLAGVGGIDHALLVVACDDGVMAQTREHLAILQLTGNPMLTVALTKADRVDEARVDEVERQVKEVLREYGFAEAKLFITAATEGRGMDALREHLLQLPEREHASQHSFRLAIDRAFTVKGAGLVVTGTALSGEVKVGDSLWMTGVNKPMRVRALHAQNQPTETANAGQRIALNIAGDAEKEQINRGDWLLADVPPEPFTRVIVELQTHTPLTQWQPLHIHHAASHVTGRVSLLEDNLAELVFDTPLWLADNDRLVLRDISARNTLAGARVVMLNPPRRGKRKPEYLQWLASLARAQSDADALSVHLERGAVNLADFAWARQLNGEGMRELLQQPGYIQAGYSLLNAPVAARWQRKILDTLATYHEQHRDEPGPGRERLRRMALPMEDEALVLLLIEKMRESGDIHSHHGWLHLPDHKAGFSEEQQAIWQKAEPLFGDEPWWVRDLAKETGTDEQAMRLTLRQAAQQGIITAIVKDRYYRNDRIVEFANMIRDLDQECGSTCAADFRDRLGVGRKLAIQILEYFDRIGFTRRRGNDHLLRDALLFPEK
1,614,1,614,HAK09949,N/A,selenocysteinyl-tRNA-specific translation elongation factor SelB [Shigella sp.],0.0,614,MIIATAGHVDHGKTTLLQAITGVNADRLPEEKKRGMTIDLGYAYWPQPDGRVPGFIDVPGHEKFLSNMLAGVGGIDHALLVVACDDGVMAQTREHLAILQLTGNPMLTVALTKADRVDEARVDEVERQVKEVLREYGFAEAKLFITAATEGRGMDALREHLLQLPEREHASQHSFRLAIDRAFTVKGAGLVVTGTALSGEVKVGDSLWLTGVNKPMRVRALHAQNQPTETANAGQRIALNIAGDAEKEQINRGDWLLADVPPEPFTRVIVELQTHTPLTQWQPLHIHHAASHVTGRVSLLEDNLAELVFDTPLWLADNDRLVLRDISARNTLAGARVVMLNPPRRGKRKPEYLQWLASLARAQSDADALSVHLERGAVNLADFAWARQLNGEGMRELLQQPGYIQAGYSLLNAPVAARWQRKILDTLATYHEQHRDEPGPGRERLRRMALPMEDEALVLLLIEKMRESGDIHSHHGWLHLPDHKAGFSEEQQAIWQKAEPLFGDEPWWVRDLAKETGTDEQAMRLTLRQAAQQGIITAIVKDRYYRNDRIVEFANMIRDLDQECGSTCAADFRDRLGVGRKLAIQILEYFDRIGFTRRRGNDHLLRDAILFPEK
1,614,1,614,HCC4503195,N/A,selenocysteine-specific translation elongation factor [Escherichia coli],0.0,614,MIIATAGHVDHGKTTLLQAITGVNADRLPEEKKRGMTIDLGYAYWPQPDGRVPGFLDVPGHEKFLSNMLAGVGGIDHALLVVACDDGVMAQTREHLAILQLTGNPMLTVALTKADRVDEARVDEVERQVKEVLREYGFAEAKLFITAATEGRGMDALREHLLQLPEREHASQHSFRLAIDRAFTVKGAGLVVTGTALSGEVKVGDSLWLTGVNKPMRVRALHAQNQPTETANAGQRIALNIAGDAEKEQINRGDWLLADVPPEPFTRVIVELQTHTPLTQWQPLHIHHAASHVTGRVSLLEDNLAELVFDTPLWLADNDRLVLRDISARNTLAGARVVMLNPPRRGKRKPEYLQWLASLARAQSDADALSVHLERGAVNLADFAWARQLNGEGMRELLQQPGYIQAGYSLLNAPVAARWQRKILDTLATYHEQHRDEPGPGRERLRRMALPMEDEALVLLLIEKMRESGDIHSHHGWLHLPDHKAGFSEEQQAIWQKAEPLFGDEPWWVRDLAKETGTDEQAMRLTLRQAAQQGIITAIVKDRYYRNDRIVEFANMIRDLDQECGSTCAADFRDRLGVGRKLAIQILEYFDRIGFTRRRGNDHLLRDALLFPEK
1,614,1,614,EEY6214252,N/A,selenocysteinyl-tRNA-specific translation elongation factor SelB [Escherichia coli],0.0,614,MIIATAGHVDHGKTTLLQAITGVNADRLPEEKKRGMTIDLGYAYWPQPDGRVPGFIDVPGHEKFLSNMLAGVGGIDHALLVVACDDGVMAQTREHLAILQLTGNPMLTVALTKADRVDEARVDEVERQVKEVLREYGFAEAKLFITAATEGRGMDALREHLLQLPEREHASQHSFRLAIDRAFTVKGAGLVVTGTALSGEVKVGDSLWLTGVNKPMRVRALHAQNQPTETANAGQRIALNIAGDAEKEQINRGDWLLADVPPEPFTRVIVELQTHTPLTQWQPLHIHHAASHVTGRVSLLEDNLAELVFDTPLWLADNDRLVLRDISARNTLAGARVVMLNPPRRGKRKPEYLQWLASLARAQSDADALSVHLERGAVNLADFAWARQLNGEGMRELLQQPGYIQAGYSLLNAPVAARWQRKIIDTLATYHEQHRDEPGPGRERLRRMALPMEDEALVLLLIEKMRESGDIHSHHGWLHLPDHKAGFSEEQQAIWQKAEPLFGDEPWWVRDLAKETGTDEQAMRLTLRQAAQQGIITAIVKDRYYRNDRIVEFANMIRDLDQECGSTCAADFRDRLGVGRKLAIQILEYFDRIGFTRRRGNDHLLRDALLFPEK
1,614,1,614,WP_112034317,N/A,selenocysteine-specific translation elongation factor [Escherichia coli],0.0,614,MIIATAGHVDHGKTTLLQAITGVNADRLPEEKKRGMTIDLGYAYWPQPDGRVPGFIDVPGHEKFLSNMMAGVGGIDHALLVVACDDGVMAQTREHLAILQLTGNPMLTVALTKADRVDEARVDEVERQVKEVLREYGFAEAKLFITAATEGRGMDALREHLLQLPEREHASQHSFRLAIDRAFTVKGAGLVVTGTALSGEVKVGDSLWLTGVNKPMRVRALHAQNQPTETANAGQRIALNIAGDAEKEQINRGDWLLADVPPEPFTRVIVELQTHTPLTQWQPLHIHHAASHVTGRVSLLEDNLAELVFDTPLWLADNDRLVLRDISARNTLAGARVVMLNPPRRGKRKPEYLQWLASLARAQSDADALSVHLERGAVNLADFAWARQLNGEGMRELLQQPGYIQAGYSLLNAPVAARWQRKILDTLATYHEQHRDEPGPGRERLRRMALPMEDEALVLLLIEKMRESGDIHSHHGWLHLPDHKAGFSEEQQAIWQKAEPLFGDEPWWVRDLAKETGTDEQAMRLTLRQAAQQGIITAIVKDRYYRNDRIVEFANMIRDLDQECGSTCAADFRDRLGVGRKLAIQILEYFDRIGFTRRRGNDHLLRDALLFPEK
1,614,1,614,WP_142440711,N/A,selenocysteine-specific translation elongation factor [Escherichia coli],0.0,614,MIIATAGHVDHGKTTLLQAITGVNADRLPEEKKRGMTIDLGYAYWPQPDGRVPGFIDVPGHEKFLSNMLAGVGGIDHALLVVACDDGVMAQTREHLAILQLTGNPMLTVALTKADRVDEARVDEVERQVKEVLREYGFAEAKLFITAATEGRGMDALREHLLQLPEREHASQHSFRLAIDRAFTVKGAGLVVTGTALSGEVKVGDSLWLTGVNKPMRVRALHAQNQPTETANAGQRIALNIAGDAEKEQINRGDWLLADVPPEPFTRVIVELQTHTPLTQWQPLHIHHAASHVTGRVSLLEDNLAELVFDTPLWLADNDRLVLRDISARNTLAGARVVMLNPPRRGKRKPEYLQWLASLARAQSDADALSVHLERGAVNLADFAWARQLNGEGMRELLQQPGYIQAGYSLLNAPVAARWQRKILDTLATYHEQHRDEPGPGRERLRRMALPMEDEALVLLLIEKMRESGDIHSHHGWLHLPDHKAGFSEEQQAIWQKAEPLFGDEPWWVRDLAKETGTDEQAMRLTLRQAAQQGIITAIVKDRYYRNDRIVEFANMLRDLDQECGSTCAADFRDRLGVGRKLAIQILEYFDRIGFTRRRGNDHLLRDALLFPEK
1,614,1,614,HAW8014405,N/A,selenocysteine-specific translation elongation factor [Escherichia coli],0.0,614,MIIATAGHVDHGKTTLLQAITGVNADRLPEEKKRGMTIDLGYAYWPQPDGRVPGFIDVPGHEKFLSNMLAGVGGIDHALLLVACDDGVMAQTREHLAILQLTGNPMLTVALTKADRVDEARVDEVERQVKEVLREYGFAEAKLFITAATEGRGMDALREHLLQLPEREHASQHSFRLAIDRAFTVKGAGLVVTGTALSGEVKVGDSLWLTGVNKPMRVRALHAQNQPTETANAGQRIALNIAGDAEKEQINRGDWLLADVPPEPFTRVIVELQTHTPLTQWQPLHIHHAASHVTGRVSLLEDNLAELVFDTPLWLADNDRLVLRDISARNTLAGARVVMLNPPRRGKRKPEYLQWLASLARAQSDADALSVHLERGAVNLADFAWARQLNGEGMRELLQQPGYIQAGYSLLNAPVAARWQRKILDTLATYHEQHRDEPGPGRERLRRMALPMEDEALVLLLIEKMRESGDIHSHHGWLHLPDHKAGFSEEQQAIWQKAEPLFGDEPWWVRDLAKETGTDEQAMRLTLRQAAQQGIITAIVKDRYYRNDRIVEFANMIRDLDQECGSTCAADFRDRLGVGRKLAIQILEYFDRIGFTRRRGNDHLLRDALLFPEK
1,614,1,614,EGQ4576109,N/A,selenocysteine-specific translation elongation factor [Escherichia coli],0.0,614,MIIATAGHVDHGKTTLLQAITGVNADRLPEEKKRGMTIDLGYAYWPQPDGRVPGFIDVPGHEKFLSNMLAGVGGIDHALLVVACDDGVMAQTREHLAILQLTGNPMLTVALTKADRVDEARVDEVERQVKEVLREYGFAEAKLFITAATEGRGMDALREHLLQLPERQHASQHSFRLAIDRAFTVKGAGLVVTGTALSGEVKVGDSLWLTGVNKPMRVRALHAQNQPTETANAGQRIALNIAGDAEKEQINRGDWLLADVPPEPFTRVIVELQTHTPLTQWQPLHIHHAASHVTGRVSLLEDNLAELVFDTPLWLADNDRLVLRDISARNTLAGARVVMLNPPRRGKRKPEYLQWLASLARAQSDADALSVHLERGAVNLADFAWARQLNGEGMRELLQQPGYIQAGYSLLNAPVAARWQRKILDTLATYHEQHRDEPGPGRERLRRMALPMEDEALVLLLIEKMRESGDIHSHHGWLHLPDHKAGFSEEQQAIWQKAEPLFGDEPWWVRDLAKETGTDEQAMRLTLRQAAQQGIITAIVKDRYYRNDRIVEFANMIRDLDQECGSTCAADFRDRLGVGRKLAIQILEYFDRIGFTRRRGNDHLLRDALLFPEK
1,614,1,614,HAO7392879,N/A,selenocysteine-specific translation elongation factor [Escherichia coli],0.0,614,MIIATAGHVDHGKTTLLQAITGVNADRLPEEKKRGMTIDLGYAYWPQPDGRVPGFIDVPGHEKFLSNMLAGVGGIDHALLVVACDDGVMAQTREHLAILQLTGNPMLTVALTKADRVDEARVDEVERQVKEVLREYGFAEAKLFITAATEGRGMDALREHLLQLPEREHASQHSFRLAIDRAFTVKGAGLVVTGTALSGEVKVGDSLWLTGVNKPMRVRALHAQNQPTETANAGQRIALNIAGDAEKEQINRGDWLLADVPPEPFTRVIVELQTHTPLTQWQPLHIHHAASHVTGRVSLLEDNLAELVFDTPLWLADNDRLVLRDISARNTLAGARVVMLNPPRRGKRKPEYLQWLASLARAQSDADALSVHLERGAVNLSDFAWARQLNGEGMRELLQQPGYIQAGYSLLNAPVAARWQRKILDTLATYHEQHRDEPGPGRERLRRMALPMEDEALVLLLIEKMRESGDIHSHHGWLHLPDHKAGFSEEQQAIWQKAEPLFGDEPWWVRDLAKETGTDEQAMRLTLRQAAQQGIITAIVKDRYYRNDRIVEFANMIRDLDQECGSTCAADFRDRLGVGRKLAIQILEYFDRIGFTRRRGNDHLLRDALLFPEK
1,614,1,614,WP_077478047,N/A,selenocysteine-specific translation elongation factor [Escherichia coli],0.0,614,MIIATAGHVDHGKTTLLQAITGVNADRLPEEKKRGMTIDLGYAYWPQPDGRVPGFIDVPGHEKFLSNMLAGVGGIDHALLVVACDDGVMAQTREHLAILQLTGNPMLTVALTKADRVDEARVDEVERQVKEVLREYGFAEAKLFITAATEGRGMDALREHLLQLPEREHASQHSFRLAIDRAFTVKGAGLVVTGTALSGEVKVGDSLWLTGVNKPMRVRALHAQNQPTETANAGQRIALNIAGDAEKEQINRGDWLLADVPPEPFTRVIVELQTHTPLTQWQPLHIHHAASHVTGRVSLLEDNLAELVFDTPLWLADNDRLVLRDISARNTLAGARVVMLNPPRRGKRKPEYLQWLASLARAQSDADALSVHLERGAVNLADFAWARQLNGEGMRELLQQPGYIQAGYSLLNAPVAARWQRKILDTLATYHEQHRDEPGPGRERLRRMALPMEDEALVLLLIEKMRESGDIHSHHGWLHLPDHKAGFSQEQQAIWQKAEPLFGDEPWWVRDLAKETGTDEQAMRLTLRQAAQQGIITAIVKDRYYRNDRIVEFANMIRDLDQECGSTCAADFRDRLGVGRKLAIQILEYFDRIGFTRRRGNDHLLRDALLFPEK
1,614,1,614,EFO4622737,N/A,selenocysteine-specific translation elongation factor [Escherichia coli],0.0,614,MIIATAGHVDHGKTTLLQAITGVNADRLPEEKKRGMTIDLGYAYWPQPDGRVPGFIDVPGHEKFLSNMLAGVGGIDHALLVVACDDGVMAQTREHLAILQLTGNPMLTVALTKADRVDEARVDEVERQVKEVLREYGFAEAKLFITAATEGRGMDALREHLLQLPEREHASQHSFRLAIDRAFTVKGAGLVVTGTALSGEVKVGDSLWLTGVNKPMRVRALHAQNQPTETANAGQRIALNIAGDAEKEQINRGDWLLADVPPEPFTRVIVELQTHTPLTQWQPLHIHHAASHVTGRVSLLEDNLAELVFDTPLWLADNDRLVLRDISARNTLAGARVVMLNPPRRGKRKPEYLQWLASLARAQSDADALSVHLERGSVNLADFAWARQLNGEGMRELLQQPGYIQAGYSLLNAPVAARWQRKILDTLATYHEQHRDEPGPGRERLRRMALPMEDEALVLLLIEKMRESGDIHSHHGWLHLPDHKAGFSEEQQAIWQKAEPLFGDEPWWVRDLAKETGTDEQAMRLTLRQAAQQGIITAIVKDRYYRNDRIVEFANMIRDLDQECGSTCAADFRDRLGVGRKLAIQILEYFDRIGFTRRRGNDHLLRDALLFPEK
1,614,1,614,EFE6917901,N/A,selenocysteinyl-tRNA-specific translation elongation factor SelB [Escherichia coli],0.0,614,MIIATAGHVDHGKTTLLQAITGLNADRLPEEKKRGMTIDLGYAYWPQPDGRVPGFIDVPGHEKFLSNMLAGVGGIDHALLVVACDDGVMAQTREHLAILQLTGNPMLTVALTKADRVDEARVDEVERQVKEVLREYGFAEAKLFITAATEGRGMDALREHLLQLPEREHASQHSFRLAIDRAFTVKGAGLVVTGTALSGEVKVGDSLWLTGVNKPMRVRALHAQNQPTETANAGQRIALNIAGDAEKEQINRGDWLLADVPPEPFTRVIVELQTHTPLTQWQPLHIHHAASHVTGRVSLLEDNLAELVFDTPLWLADNDRLVLRDISARNTLAGARVVMLNPPRRGKRKPEYLQWLASLARAQSDADALSVHLERGAVNLADFAWARQLNGEGMRELLQQPGYIQAGYSLLNAPVAARWQRKILDTLATYHEQHRDEPGPGRERLRRMALPMEDEALVLLLIEKMRESGDIHSHHGWLHLPDHKAGFSEEQQAIWQKAEPLFGDEPWWVRDLAKETGTDEQAMRLTLRQAAQQGIITAIVKDRYYRNDRIVEFANMIRDLDQECGSTCAADFRDRLGVGRKLAIQILEYFDRIGFTRRRGNDHLLRDALLFPEK
1,614,1,614,MSM32486,N/A,selenocysteine-specific translation elongation factor [Escherichia coli],0.0,614,MIIATAGHVDHGKTTLLQAITGVNADRLPEEKKRGMTIDLGYAYWPQPDGRVPGFIDVPGHEKFLSNMLAGVGGIDHALLVVACDDGVMAQTREHLAILQLTGNPMLTVALTKADRVDEARVDEVERQVKEVLREYGFAEAKLFITAATEGRGMDALREHLLQLPEREHASQHSFRLAIDRAFTVKGAGLVVTGTALSGEVKVGDSLWLTGVNKPMRVRALHAQNQPTETANAGQRIALNIAGDAEKEQINRGDWLLADVPPEPFTRVIVELQTHTPLTQWQPLHIHHAASHVTGRVSLLEDNLAELVFDTPLWLADNDRLVLRDISARNTLAGARVVMLNPPRRGKRKPEYLQWLASLARAQSDADALSVHLERGAVNLADFAWARQLNGEGMRELLQQPGYIQAGYSLLNAPVAARWQRKILDTLATYHEQHRDEPGPGRERLRRMALPMEDEALVLLLIEKMRESGDIHSHHGWLHLPDHKAGFSEEQQAIWQKAEPLFGDEPWWVRDLAKETGTDEQALRLTLRQAAQQGIITAIVKDRYYRNDRIVEFANMIRDLDQECGSTCAADFRDRLGVGRKLAIQILEYFDRIGFTRRRGNDHLLRDALLFPEK
1,614,1,614,WP_077167792,N/A,selenocysteine-specific translation elongation factor [Escherichia coli],0.0,614,MIIATAGHVDHGKTTLLQAITGVNADRLPEEKKRGMTIDLGYAYWPQPDGRVPGFIDVPGHEKFLSNMLAGVGGIDHALLVVACDDGVMAQTREHLAILQLTGNPMLTVALTKADRVDEARVDEVERQVKEVLREYGFAEAKLFITAATEGRGMDALREHLLQLPEREHASQHSFRLSIDRAFTVKGAGLVVTGTALSGEVKVGDSLWLTGVNKPMRVRALHAQNQPTETANAGQRIALNIAGDAEKEQINRGDWLLADVPPEPFTRVIVELQTHTPLTQWQPLHIHHAASHVTGRVSLLEDNLAELVFDTPLWLADNDRLVLRDISARNTLAGARVVMLNPPRRGKRKPEYLQWLASLARAQSDADALSVHLERGAVNLADFAWARQLNGEGMRELLQQPGYIQAGYSLLNAPVAARWQRKILDTLATYHEQHRDEPGPGRERLRRMALPMEDEALVLLLIEKMRESGDIHSHHGWLHLPDHKAGFSEEQQAIWQKAEPLFGDEPWWVRDLAKETGTDEQAMRLTLRQAAQQGIITAIVKDRYYRNDRIVEFANMIRDLDQECGSTCAADFRDRLGVGRKLAIQILEYFDRIGFTRRRGNDHLLRDALLFPEK
1,614,1,614,HAP2037259,N/A,selenocysteine-specific translation elongation factor [Escherichia coli],0.0,614,MIIATAGHVDHGKTTLLQAITGVNADRLPEEKKRGMTIDLGYAYWPQPDGRVPGFIDVPGHEKFLSNMLAGVGGIDHALLVVACDDGVMAQTREHLAILQLTGNPMLTVALTKADRVDEARVDEVERQVKEVLREYGFAEAKLFITAATEGRGMDALREHLLQLPEREHASQHSFRLAIDRAFTVKGAGLVVTGTALSGEVKVGDSLWLTGVNKPMRVRALHAQNQPTETANAGQRIALNIAGDAEKEQINRGDWLLADVPPEPFTRVIVELQTHTPLTQWQPLHIHHAASHVTGRVSLLEDNLAELVFDTPLWLADNDRLVLRDISARNTLAGARVVMLNPPRRGKRKPEYLQWLASLARAQSDADALSVHLERGAVNLADFAWARQLNGEGMRELLQQPGYIQAGYSLLNAPVAARWQRKILDTLATYHEQHRDEPGPGRERLRRMALPMEDEALVLLLIEKMRESGDIHSHHGWLHLPDHKAGFSEEQQAIWQKAEPLFGDEPWWMRDLAKETGTDEQAMRLTLRQAAQQGIITAIVKDRYYRNDRIVEFANMIRDLDQECGSTCAADFRDRLGVGRKLAIQILEYFDRIGFTRRRGNDHLLRDALLFPEK
1,614,1,614,HAW3805413,N/A,selenocysteine-specific translation elongation factor [Escherichia coli],0.0,614,MIIATAGHVDHGKTTLLQAITGVNADRLPEEKKRGMTIDLGYAYWPQPDGRVPGFIDVPGHEKFLSNMLAGVGGIDHALLVVACDDGVMAQTREHLAILQLTGNPMLTVALTKADRVDEARVDEVERQVKEVLREYGFAEAKLFITAATEGRGMDALREHLLQLPEREHASQHSFRLAIDRAFTVKGAGLVVTGTALSGEVKVGDSLWLTGVNKPMRVRALHAQNQPTETANAGQRIALNIAGDAEKEQINRGDWLLADVPPEPFTRVIVELQTHTPLTQWQPLHIHHSASHVTGRVSLLEDNLAELVFDTPLWLADNDRLVLRDISARNTLAGARVVMLNPPRRGKRKPEYLQWLASLARAQSDADALSVHLERGAVNLADFAWARQLNGEGMRELLQQPGYIQAGYSLLNAPVAARWQRKILDTLATYHEQHRDEPGPGRERLRRMALPMEDEALVLLLIEKMRESGDIHSHHGWLHLPDHKAGFSEEQQAIWQKAEPLFGDEPWWVRDLAKETGTDEQAMRLTLRQAAQQGIITAIVKDRYYRNDRIVEFANMIRDLDQECGSTCAADFRDRLGVGRKLAIQILEYFDRIGFTRRRGNDHLLRDALLFPEK
1,614,1,614,EGR9534459,N/A,selenocysteine-specific translation elongation factor [Escherichia coli],0.0,614,MIIATAGHVDHGKTTLLQAITGVNADRLPEEKKRGMTIDLGYAYWPQPDGRVPGFIDVPGHEKFLSNMLAGVGGIDHALLVVACDDGVMAQTREHLAILQLTGNPMLTVALTKADRVDEARVDEVERQVKEVLREYGFAEAKLFITAATEGRGMDALREHLLQLPEREHASQHSFRLAIDRAFTVKGAGLVVTGTALSGEVKVGDSLWLTGVNKPMRVRALHAQNQPTETANAGQRIALNIAGDAEKEQINRGDWLLADVPPEPFTRVIVELQTHTPLTQWQPLHIHHAASHVTGRVSLLEDNLAELVFDTPLWLADNDRLVLRDISARNTLAGARVVMLNPPRRGKRKPEYLQWLASLARAQTDADALSVHLERGAVNLADFAWARQLNGEGMRELLQQPGYIQAGYSLLNAPVAARWQRKILDTLATYHEQHRDEPGPGRERLRRMALPMEDEALVLLLIEKMRESGDIHSHHGWLHLPDHKAGFSEEQQAIWQKAEPLFGDEPWWVRDLAKETGTDEQAMRLTLRQAAQQGIITAIVKDRYYRNDRIVEFANMIRDLDQECGSTCAADFRDRLGVGRKLAIQILEYFDRIGFTRRRGNDHLLRDALLFPEK
1,614,1,614,WP_125297210,N/A,selenocysteine-specific translation elongation factor [Escherichia coli],0.0,614,MIIATAGHVDHGKTTLLQAITGVNADRLPEEKKRGMTIDLGYAYWPQPDGRVPGFIDVPGHEKFLSNMLAGVGGIDHALLVVACDDGVMAQTREHLAILQLTGNPMLTVALTKADRVDEARVDEVERQVKEVLREYGFAEAKLFITAATEGRGMDALREHLLQLPEREHASQHSFRLAIDRAFTVKGAGLVVTGTALSGEVKVGDSLWLTGVNKPMRLRALHAQNQPTETANAGQRIALNIAGDAEKEQINRGDWLLADVPPEPFTRVIVELQTHTPLTQWQPLHIHHAASHVTGRVSLLEDNLAELVFDTPLWLADNDRLVLRDISARNTLAGARVVMLNPPRRGKRKPEYLQWLASLARAQSDADALSVHLERGAVNLADFAWARQLNGEGMRELLQQPGYIQAGYSLLNAPVAARWQRKILDTLATYHEQHRDEPGPGRERLRRMALPMEDEALVLLLIEKMRESGDIHSHHGWLHLPDHKAGFSEEQQAIWQKAEPLFGDEPWWVRDLAKETGTDEQAMRLTLRQAAQQGIITAIVKDRYYRNDRIVEFANMIRDLDQECGSTCAADFRDRLGVGRKLAIQILEYFDRIGFTRRRGNDHLLRDALLFPEK
1,614,1,614,WP_032239359,N/A,selenocysteine-specific translation elongation factor [Escherichia coli],0.0,614,MIIATAGHVDHGKTTLLQAITGVNADRLPEEKKRGMTIDLGYAYWPQPDGRVPGFIDVPGHEKFLSNMLAGVGGIDHALLVVACDDGVMAQTREHLAILQLTGNPMLTVALTKADRVDEARVDEVERQVKEVLREYGFAEAKLFITSATEGRGMDALREHLLQLPEREHASQHSFRLAIDRAFTVKGAGLVVTGTALSGEVKVGDSLWLTGVNKPMRVRALHAQNQPTETANAGQRIALNIAGDAEKEQINRGDWLLADVPPEPFTRVIVELQTHTPLTQWQPLHIHHAASHVTGRVSLLEDNLAELVFDTPLWLADNDRLVLRDISARNTLAGARVVMLNPPRRGKRKPEYLQWLASLARAQSDADALSVHLERGAVNLADFAWARQLNGEGMRELLQQPGYIQAGYSLLNAPVAARWQRKILDTLATYHEQHRDEPGPGRERLRRMALPMEDEALVLLLIEKMRESGDIHSHHGWLHLPDHKAGFSEEQQAIWQKAEPLFGDEPWWVRDLAKETGTDEQAMRLTLRQAAQQGIITAIVKDRYYRNDRIVEFANMIRDLDQECGSTCAADFRDRLGVGRKLAIQILEYFDRIGFTRRRGNDHLLRDALLFPEK
1,614,1,614,WP_094320627,N/A,selenocysteine-specific translation elongation factor [Shigella sonnei],0.0,614,MIIATAGHVDHGKTTLLQAITGVNADRLPEEKKRGMTIDLGYAYWPQPDGRMPGFIDVPGHEKFLSNMLAGVGGIDHALLVVACDDGVMAQTREHLAILQLTGNPMLTVALTKADRVDEARVDEVERQVKEVLREYGFAEAKLFITAATEGRGMDALREHLLQLPEREHASQHSFRLAIDRAFTVKGAGLVVTGTALSGEVKVGDSLWLTGVNKPMRVRALHAQNQPTETANAGQRIALNIAGDAEKEQINRGDWLLADVPPEPFTRVIVELQTHTPLTQWQPLHIHHAASHVTGRVSLLEDNLAELVFDTPLWLADNDRLVLRDISARNTLAGARVVMLNPPRRGKRKPEYLQWLASLARAQSDADALSVHLERGAVNLADFAWARQLNGEGMRELLQQPGYIQAGYSLLNAPVAARWQRKILDTLATYHEQHRDEPGPGRERLRRMALPMEDEALVLLLIEKMRESGDIHSHHGWLHLPDHKAGFSEEQQAIWQKAEPLFGDEPWWVRDLAKETGTDEQAMRLTLRQAAQQGIITAIVKDRYYRNDRIVEFANMIRDLDQECGSTCAADFRDRLGVGRKLAIQILEYFDRIGFTRRRGNDHLLRDALLFPEK
1,614,1,614,HBE5655164,N/A,selenocysteine-specific translation elongation factor [Escherichia coli],0.0,614,MIIATAGHVDHGKTTLLQAITGVNADRLPEEKKRGMTIDLGYAYWPQPDGRVPGFIDVPGHEKFLSNMLAGVGGIDHALLVVACDDGVMAQTREHLAILQLTGNPMLTVALTKADRVDEARVDEVERQVKEVLREYGFAEAKLFITAATEGRGMDALREHLLQLPEREHASQHSFRLAIDRAFTVKGAGLVVTGTALSGEVKVGDSLWLTGVNKPMRVRALHAQNQPTETANAGQRIALNIAGDAEKEQINRGDWLLADVPPEPFTRVIVELQTHTPLTQWQPLHIHHAASHVTGRVSLLEDNLAELVFDTPLWLADNDRLVLRDISARNTLAGARVVMLNPPRRGKRKPEYLQWLASLARAQSDADALSVHLERGAVNLADFAWARQLNGEGMRELLQQPGYIQAGYSLLNAPVAARWQRKILDTLATYHEQHRDEPGPGRERLRRMALPMEDEALVLLLIEKMRESGDIHSHHGWLHLPDHKAGFSEEQQAIWQKAEPLFGDEPWWVRDLAKETGTDEQAMRLTLRQAAQQGIITAIVKDRYYRNDRIVEFANMIRDLDQECGSTCAADFRDRLGVGRKLAIQILEYFDRIGFTRRRGNDHLLRDVLLFPEK
1,614,1,614,EEX2870966,N/A,selenocysteinyl-tRNA-specific translation elongation factor SelB [Escherichia coli],0.0,614,MIIATAGHVDHGKTTLLQAITGVNADRLPEEKKRGMTIDLGYAYWPQPDGRVPGFIDVPGHEKFLSNMLAGVGGIDHALLVVACDDGVMAQTREHLAILQLTGNPMLTVALTKADRVDEVRVDEVERQVKEVLREYGFAEAKLFITAATEGRGMDALREHLLQLPEREHASQHSFRLAIDRAFTVKGAGLVVTGTALSGEVKVGDSLWLTGVNKPMRVRALHAQNQPTETANAGQRIALNIAGDAEKEQINRGDWLLADVPPEPFTRVIVELQTHTPLTQWQPLHIHHAASHVTGRVSLLEDNLAELVFDTPLWLADNDRLVLRDISARNTLAGARVVMLNPPRRGKRKPEYLQWLASLARAQSDADALSVHLERGAVNLADFAWARQLNGEGMRELLQQPGYIQAGYSLLNAPVAARWQRKILDTLATYHEQHRDEPGPGRERLRRMALPMEDEALVLLLIEKMRESGDIHSHHGWLHLPDHKAGFSEEQQAIWQKAEPLFGDEPWWVRDLAKETGTDEQAMRLTLRQAAQQGIITAIVKDRYYRNDRIVEFANMIRDLDQECGSTCAADFRDRLGVGRKLAIQILEYFDRIGFTRRRGNDHLLRDALLFPEK
1,614,1,614,MBA0959642,N/A,selenocysteine-specific translation elongation factor [Escherichia coli],0.0,614,MIIATAGHVDHGKTTLLQAITGVNADRLPEEKKRGMTIDLGYAYWPQPDGRVPGFIDVPGHEKFLSNMLAGVGGIDHALLVVACDDGVMAQTREHLAILQLTGNPMLTVALTKADRVDEARVDEVERQVKEVLREYGFAEAKLFITAATEGRGMDALREHLLQLPEREHASQHSFRLAIDRAFTVKGAGLVVTGTALSGEVKVGDSLWLTGVNKPMRVRALHAQNQPTETANAGQRIALNIAGDAEKEQINRGDWLLADVPPEPFTRVIVELQTHTPLTQWQPLHIHHAASHVTGRVSLLEDNLAELVFDTPLWLADNDRLVLRDISARNTLAGARVVMLNPPRRGKRKPEYLQWLASLARAQSDADALSVHLERGAVNLADFAWARQLNGEGMRELLQQPGYIQAGYSLLNAPVAARWQRKILDTLATYHEQHRDEPGPGRERLRRMALPMEDEALVLLLIEKMRESGDIHSHHGWLHLPDHKAGFSEEQQAIWQKAEPLFGDEPWWVRDLAKETGTDEQAMRLTLRQAVQQGIITAIVKDRYYRNDRIVEFANMIRDLDQECGSTCAADFRDRLGVGRKLAIQILEYFDRIGFTRRRGNDHLLRDALLFPEK
1,614,1,614,EJD6459728,N/A,selenocysteine-specific translation elongation factor [Escherichia coli],0.0,614,MIIATAGHVDHGKTTLLQAITGVNADRLPEEKKRGMTIDLGYAYWPQPDGRVPGFIDVPGHEKFLSNMLAGVGGIDHALLVVACDDGVMAQTREHLAILQLTGNPMLTVALTKADRVDEARVDEVERQVKEVLREYGFAEAKLFITAATEGRGMDALREHLLQLPEREHASQHSFRLAIDRAFTVKGAGLVVTGTALSGEVKVGDSLWLTGVNKPMRVRALHAQNQPTETANAGQRIALNIAGDAEKEQINRGDWLLADVPPEPFTRVIVEFQTHTPLTQWQPLHIHHAASHVTGRVSLLEDNLAELVFDTPLWLADNDRLVLRDISARNTLAGARVVMLNPPRRGKRKPEYLQWLASLARAQSDADALSVHLERGAVNLADFAWARQLNGEGMRELLQQPGYIQAGYSLLNAPVAARWQRKILDTLATYHEQHRDEPGPGRERLRRMALPMEDEALVLLLIEKMRESGDIHSHHGWLHLPDHKAGFSEEQQAIWQKAEPLFGDEPWWVRDLAKETGTDEQAMRLTLRQAAQQGIITAIVKDRYYRNDRIVEFANMIRDLDQECGSTCAADFRDRLGVGRKLAIQILEYFDRIGFTRRRGNDHLLRDALLFPEK
1,614,1,614,WP_000582496,N/A,selenocysteine-specific translation elongation factor [Escherichia coli],0.0,614,MIIATAGHVDHGKTTLLQAITGVNADRLPEEKKRGMTIDLGYAYWPQPDGRVPGFIDVPGHEKFLSNMLAGVGGIDHALLVVACDDGVMAQTREHLAILQLTGNPVLTVALTKADRVDEARVDEVERQVKEVLREYGFAEAKLFITAATEGRGMDALREHLLQLPEREHASQHSFRLAIDRAFTVKGAGLVVTGTALSGEVKVGDSLWLTGVNKPMRVRALHAQNQPTETANAGQRIALNIAGDAEKEQINRGDWLLADVPPEPFTRVIVELQTHTPLTQWQPLHIHHAASHVTGRVSLLEDNLAELVFDTPLWLADNDRLVLRDISARNTLAGARVVMLNPPRRGKRKPEYLQWLASLARAQSDADALSVHLERGAVNLADFAWARQLNGEGMRELLQQPGYIQAGYSLLNAPVAARWQRKILDTLATYHEQHRDEPGPGRERLRRMALPMEDEALVLLLIEKMRESGDIHSHHGWLHLPDHKAGFSEEQQAIWQKAEPLFGDEPWWVRDLAKETGTDEQAMRLTLRQAAQQGIITAIVKDRYYRNDRIVEFANMIRDLDQECGSTCAADFRDRLGVGRKLAIQILEYFDRIGFTRRRGNDHLLRDALLFPEK
1,614,1,614,EGJ0196550,N/A,selenocysteine-specific translation elongation factor [Escherichia coli],0.0,614,MIIATAGHVDHGKTTLLQAITGVNADRLPEEKKRGMTIDLGYAYWPQPDGRVPGFIDVPGHEKFLSNMLAGVGGIDHALLVVACDDGVMAQTREHLAILQLTGNPMLTVALTKADRVDEARVDEVERQVKEALREYGFAEAKLFITAATEGRGMDALREHLLQLPEREHASQHSFRLAIDRAFTVKGAGLVVTGTALSGEVKVGDSLWLTGVNKPMRVRALHAQNQPTETANAGQRIALNIAGDAEKEQINRGDWLLADVPPEPFTRVIVELQTHTPLTQWQPLHIHHAASHVTGRVSLLEDNLAELVFDTPLWLADNDRLVLRDISARNTLAGARVVMLNPPRRGKRKPEYLQWLASLARAQSDADALSVHLERGAVNLADFAWARQLNGEGMRELLQQPGYIQAGYSLLNAPVAARWQRKILDTLATYHEQHRDEPGPGRERLRRMALPMEDEALVLLLIEKMRESGDIHSHHGWLHLPDHKAGFSEEQQAIWQKAEPLFGDEPWWVRDLAKETGTDEQAMRLTLRQAAQQGIITAIVKDRYYRNDRIVEFANMIRDLDQECGSTCAADFRDRLGVGRKLAIQILEYFDRIGFTRRRGNDHLLRDALLFPEK
1,614,1,614,HAW5765975,N/A,selenocysteine-specific translation elongation factor [Escherichia coli],0.0,614,MIIATAGHVDHGKTTLLQAITGVNADRLPEEKKRGMTIDLGYAYWPQPDGRVPGFIDVPGHEKFLSNMLAGVGGIDHALLVVACDDGVMAQTREHLAILQLTGNPMLTVALTKADRVDEARVDEVERQVKEVLREYGFAEAKLFITAATEGRGMDALREHLLQLPEREHASQHSFRLAIDRAFTVKGAGLVVTGTALSGEVKVGDSLWLTGVNKPMRVRALHAQNQPTETANAGQRIALNIAGDAEKEQINRGDWLLADVPPEPFTRVIVELQTHTPLTQWQPLHIHHAASHVTGRVSLLEDNLAELVFDTPLWLVDNDRLVLRDISARNTLAGARVVMLNPPRRGKRKPEYLQWLASLARAQSDADALSVHLERGAVNLADFAWARQLNGEGMRELLQQPGYIQAGYSLLNAPVAARWQRKILDTLATYHEQHRDEPGPGRERLRRMALPMEDEALVLLLIEKMRESGDIHSHHGWLHLPDHKAGFSEEQQAIWQKAEPLFGDEPWWVRDLAKETGTDEQAMRLTLRQAAQQGIITAIVKDRYYRNDRIVEFANMIRDLDQECGSTCAADFRDRLGVGRKLAIQILEYFDRIGFTRRRGNDHLLRDALLFPEK
1,614,1,614,MCN2140063,N/A,selenocysteine-specific translation elongation factor [Escherichia coli],0.0,614,MIIATAGHVDHGKTTLLQAITGVNADRLPEEKKRGMTIDLGYAYWPQPDGRVPGFIDVPGHEKFLSNMLAGVGGIDHALLVVACDDGVMAQTREHLAILQLTGNPMLTVALTKADRVDEARVDEVERQVKEVLREYGFAEAKLFITAATEGRGMDALREHLLQLPEREHASQHSFRLAIDRAFTVKGAGLVVTGTALSGEVKVGDSLWLTGVNKPMRVRALHAQNQPTETANAGQRIALNIAGDAEKEQINRGDWLLADVPPEPFTRVIVELQTHTPLTQWQPLHIHHAASHVTGRVSLLEDNLAELVFDAPLWLADNDRLVLRDISARNTLAGARVVMLNPPRRGKRKPEYLQWLASLARAQSDADALSVHLERGAVNLADFAWARQLNGEGMRELLQQPGYIQAGYSLLNAPVAARWQRKILDTLATYHEQHRDEPGPGRERLRRMALPMEDEALVLLLIEKMRESGDIHSHHGWLHLPDHKAGFSEEQQAIWQKAEPLFGDEPWWVRDLAKETGTDEQAMRLTLRQAAQQGIITAIVKDRYYRNDRIVEFANMIRDLDQECGSTCAADFRDRLGVGRKLAIQILEYFDRIGFTRRRGNDHLLRDALLFPEK
1,614,1,614,HAV9267224,N/A,selenocysteine-specific translation elongation factor [Escherichia coli],0.0,614,MIIATAGHVDHGKTTLLQAITGVNADRLPEEKKRGMTIDLGYAYWPQPDGRVPGFIDVPGHEKFLSNMLAGVGGIDHALLVVACDDGVMAQTREHLAILQLTGNPMLTVALTKADRVDEARVDEVERQVKEVLREYGFAEAKLFITAATEGRGMDALREHLLQLPEREHASQHSFRLAIDRAFTVKGAGLVVTGTALSGEVKVGDSLWLTGVNKPMRVRALHAQNQPTETANAGQRIALNIAGDAEKEQINRGDWLLADVPPEPFTRVIVELQTHTPLTQWQPLHIHHAASHVTGRVSLLEDNLAELVFDTPLWLADNDRLVLRDISARNTLAGARVVMLNPPRRGKRKPEYLQWLASLARAQSDADALSVHLERGAVNLADFAWARQLNGEGMRELLQQPGYIQAGYSLLNAPVAARWQRKILDTLATYHEQHRDEPGPGRERLRRMALPMEDEALVLLLIEKMRESGDIHSHHGWLHLPDHKAGFSEEQQAIWQKAEPLFGNEPWWVRDLAKETGTDEQAMRLTLRQAAQQGIITAIVKDRYYRNDRIVEFANMIRDLDQECGSTCAADFRDRLGVGRKLAIQILEYFDRIGFTRRRGNDHLLRDALLFPEK
1,614,1,614,WP_096949756,N/A,selenocysteine-specific translation elongation factor [Escherichia coli],0.0,614,MIIATAGHVDHGKTTLLQAITGVNADRLPEEKKRGMTIDLGYAYWPQPDGRVPGFIDVPGHEKFLSNMLAGVGGIDHALLVVACDDGVMAQTREHLAILQLTGNPMLTVALTKADRVDEARVDEVERQVKEVLREYGFAEAKLFITAATEGRGMDALREHLLQLPEREHASQHSFRLAIDRAFTVKGAGLVVTGTALSGEVKVGDSLWLTGVNKPMRVRALHAQNQPTETANAGQRIALNIAGDAEKEQINRGDWLLADVPPEPFTRVIVELQTHTPLTQWQPLHIHHAVSHVTGRVSLLEDNLAELVFDTPLWLADNDRLVLRDISARNTLAGARVVMLNPPRRGKRKPEYLQWLASLARAQSDADALSVHLERGAVNLADFAWARQLNGEGMRELLQQPGYIQAGYSLLNAPVAARWQRKILDTLATYHEQHRDEPGPGRERLRRMALPMEDEALVLLLIEKMRESGDIHSHHGWLHLPDHKAGFSEEQQAIWQKAEPLFGDEPWWVRDLAKETGTDEQAMRLTLRQAAQQGIITAIVKDRYYRNDRIVEFANMIRDLDQECGSTCAADFRDRLGVGRKLAIQILEYFDRIGFTRRRGNDHLLRDALLFPEK
1,614,1,614,HAH1357936,N/A,selenocysteine-specific translation elongation factor [Escherichia coli],0.0,614,MIIATAGHVDHGKTTLLQAITGVNADRLPEEKKRGMTIDLGYAYWPQPDGRVPGFIDVPGHEKFLSNMLAGVGGIDHALLVVACDDGVMAQTREHLAILQLTGNPMLTVALTKADRVDEARVDEVERQVKEVLREYGFAEAKLFITAATEGRGMDALREHLLQLPEREHASQHSFRLAIDRAFTVKGAGLVVTGTALSGEVKVGDSLWLTGVNKPMRVRALHAQNQPTETANAGQRIALNIAGDAEKEQINRGDWLLADVPPEPFTRVIVELQTHTPLTQWQPLHIHHAASHVTGRVSLLEDNLAELVFDTPLWLADNDRLVLRDISARNTLAGARVVMLNPPRRGKRKPEYLQWLASLARAQSDADALSVHLERGAVNLADFAWARQLNGEGMRELLQQPGYIQAGYSLLNAPVAARWQRKILDTLATYHEQHRDEPGPGRERLRRIALPMEDEALVLLLIEKMRESGDIHSHHGWLHLPDHKAGFSEEQQAIWQKAEPLFGDEPWWVRDLAKETGTDEQAMRLTLRQAAQQGIITAIVKDRYYRNDRIVEFANMIRDLDQECGSTCAADFRDRLGVGRKLAIQILEYFDRIGFTRRRGNDHLLRDALLFPEK
1,614,1,614,EHR9254978,N/A,selenocysteine-specific translation elongation factor [Escherichia coli],0.0,614,MIIATAGHVDHGKTTLLQAITGVNADRLPEEKKRGMTIDLGYAYWPQPDGRVPGFIDVPGHEKFLSNMLAGVGGIDHALLVVACDDGVMAQTREHLAILQLTGNPMLTVALTKADRVDEARVDEVERQVKEVLREYGFAEAKLFITAATEGRGMDALREHLLQLPEREHASQHSFRLAIDRAFTVKGTGLVVTGTALSGEVKVGDSLWLTGVNKPMRVRALHAQNQPTETANAGQRIALNIAGDAEKEQINRGDWLLADVPPEPFTRVIVELQTHTPLTQWQPLHIHHAASHVTGRVSLLEDNLAELVFDTPLWLADNDRLVLRDISARNTLAGARVVMLNPPRRGKRKPEYLQWLASLARAQSDADALSVHLERGAVNLADFAWARQLNGEGMRELLQQPGYIQAGYSLLNAPVAARWQRKILDTLATYHEQHRDEPGPGRERLRRMALPMEDEALVLLLIEKMRESGDIHSHHGWLHLPDHKAGFSEEQQAIWQKAEPLFGDEPWWVRDLAKETGTDEQAMRLTLRQAAQQGIITAIVKDRYYRNDRIVEFANMIRDLDQECGSTCAADFRDRLGVGRKLAIQILEYFDRIGFTRRRGNDHLLRDALLFPEK
1,614,1,614,HAW1168184,N/A,selenocysteine-specific translation elongation factor [Escherichia coli],0.0,614,MIIATAGHVDHGKTTLLQAITGVNADRLPEEKKRGMTIDLGYAYWPQPDGRVPGFIDVPGHEKFLSNMLAGVGGIDHALLVVACDDGVMAQTREHLAILQLTGNPMLTVALTKADRVDEARVDEVERQVKEVLREYGFAEAKLFITAATEGRGMDALREHLLQLPEREHASQHSFRLAIDRAFTVKGAGLVVTGTALSGEVKVGDSLWLTGVNKPMRVRALHAQNQPTENANAGQRIALNIAGDAEKEQINRGDWLLADVPPEPFTRVIVELQTHTPLTQWQPLHIHHAASHVTGRVSLLEDNLAELVFDTPLWLADNDRLVLRDISARNTLAGARVVMLNPPRRGKRKPEYLQWLASLARAQSDADALSVHLERGAVNLADFAWARQLNGEGMRELLQQPGYIQAGYSLLNAPVAARWQRKILDTLATYHEQHRDEPGPGRERLRRMALPMEDEALVLLLIEKMRESGDIHSHHGWLHLPDHKAGFSEEQQAIWQKAEPLFGDEPWWVRDLAKETGTDEQAMRLTLRQAAQQGIITAIVKDRYYRNDRIVEFANMIRDLDQECGSTCAADFRDRLGVGRKLAIQILEYFDRIGFTRRRGNDHLLRDALLFPEK
1,614,1,614,EFU8512050,N/A,selenocysteine-specific translation elongation factor [Escherichia coli],0.0,614,MIIATAGHVDHGKTTLLQAITGVNADRLPEEKKRGMTIDLGYAYWPQPDGRVPGFIDVPGHEKFLSNMLAGVGGIDHALLVVACDDGVMAQTREHLAILQLTGNPMLTVALTKADRVDEARVDEVERQVKEVLREYGFAEAKLFITAATEGRGMDALREHLLQLPEREHASQHSFRLAIDRAFTVKGAGLVVTGTALSGEVKVGDSLWLTGVNKPMRVRALHAQNQPTETANAGQRIALNIAGDAEKEQINRGDWLLADVPPEPFTRVIVELQTHTPLTQWQPLHIHHAASHVTGRVSLLEDNLAELVFDTPLWLADNDRLVLRDISARNTLAGARVVMLNPPRRGKRKPEYLQWLASLARAQSDADALSVHLERGAVNLADFAWARQLNGEGMRELLQQPGYIQAGYSLLNAPVAARWQRKILDTLATYHEQHRDEPGPGRERLRRMALPMEDEALVLLLIEKMRESGDIHSHHGWLHLPDHKAGFSEEQQTIWQKAEPLFGDEPWWVRDLAKETGTDEQAMRLTLRQAAQQGIITAIVKDRYYRNDRIVEFANMIRDLDQECGSTCAADFRDRLGVGRKLAIQILEYFDRIGFTRRRGNDHLLRDALLFPEK
1,614,1,614,WP_181045571,N/A,selenocysteine-specific translation elongation factor [Escherichia coli],0.0,614,MIIATAGHVDHGKTTLLQAITGVNADRLPEEKKRGMTIDLGYAYWPQPDGRVPGFIDVPGHEKFLSNMLAGVGGIDHALLVVACDDGVMAQTREHLAILQLTGNPMLTVALTKADRVDEARVDEVERQVKEVLREYGFAEAKLFITTATEGRGMDALREHLLQLPEREHASQHSFRLAIDRAFTVKGAGLVVTGTALSGEVKVGDSLWLTGVNKPMRVRALHAQNQPTETANAGQRIALNIAGDAEKEQINRGDWLLADVPPEPFTRVIVELQTHTPLTQWQPLHIHHAASHVTGRVSLLEDNLAELVFDTPLWLADNDRLVLRDISARNTLAGARVVMLNPPRRGKRKPEYLQWLASLARAQSDADALSVHLERGAVNLADFAWARQLNGEGMRELLQQPGYIQAGYSLLNAPVAARWQRKILDTLATYHEQHRDEPGPGRERLRRMALPMEDEALVLLLIEKMRESGDIHSHHGWLHLPDHKAGFSEEQQAIWQKAEPLFGDEPWWVRDLAKETGTDEQAMRLTLRQAAQQGIITAIVKDRYYRNDRIVEFANMIRDLDQECGSTCAADFRDRLGVGRKLAIQILEYFDRIGFTRRRGNDHLLRDALLFPEK
1,614,1,614,HAL1915594,N/A,selenocysteine-specific translation elongation factor [Escherichia coli],0.0,614,MIIATAGHVDHGKTTLLQAITGVNADRLPEEKKRGMTIDLGYAYWPQPDGRVPGFIDVPGHEKFLSNMLAGVGGIDHALLVVACDDGVMAQTREHLAILQLTGNPMLTVALTKADRVDEARVDEVERQVKEVLREYGFAEAKLFITAATEGRGMDALREHLLQLPEREHASQHSFRLAIDRAFTVKGAGLVVTGTALSGEVKVGDSLWLTGVNKPMRVRALHAQNQPTETANAGQRIALNIAGDAEKEQINRGDWLLADVPPEPFTRVIVELQTHTPLTQWQPLHIHHAASHVTGRVSLLEDNLAELVFDTPLWLADNDRLVLRDISARNTLAGARVVMLNPPRRGKRKPEYLQWLASLARAQSDADALSVHLERGAVNLADFAWARQLNGEGMRELLQQPGYIQAGYSLLNAPVAARWQRKILDTLATYHEQHRDEPGPGRERLRRMALPMEDEALVLLLIEKMRESGDIHSHHGWLHLPDHKAGFSEEQQAIWQKAEPLFGDEPWWVRDLAKETGTDEQAMRLTLRQAAQQGIIAAIVKDRYYRNDRIVEFANMIRDLDQECGSTCAADFRDRLGVGRKLAIQILEYFDRIGFTRRRGNDHLLRDALLFPEK
1,614,1,614,EHJ8150277,N/A,selenocysteine-specific translation elongation factor [Escherichia coli],0.0,614,MIIATAGHVDHGKTTLLQAITGVNADRLPEEKKRGMTIDLGYAYWPQPDGRVPGFIDVPGHEKFLSNMLAGVGGIDHALLVVACDDGVMAQTREHLAILQLTGNPMLTVALTKADRVDEARVDEVERQVKEVLREYGFAEAKLFITVATEGRGMDALREHLLQLPEREHASQHSFRLAIDRAFTVKGAGLVVTGTALSGEVKVGDSLWLTGVNKPMRVRALHAQNQPTETANAGQRIALNIAGDAEKEQINRGDWLLADVPPEPFTRVIVELQTHTPLTQWQPLHIHHAASHVTGRVSLLEDNLAELVFDTPLWLADNDRLVLRDISARNTLAGARVVMLNPPRRGKRKPEYLQWLASLARAQSDADALSVHLERGAVNLADFAWARQLNGEGMRELLQQPGYIQAGYSLLNAPVAARWQRKILDTLATYHEQHRDEPGPGRERLRRMALPMEDEALVLLLIEKMRESGDIHSHHGWLHLPDHKAGFSEEQQAIWQKAEPLFGDEPWWVRDLAKETGTDEQAMRLTLRQAAQQGIITAIVKDRYYRNDRIVEFANMIRDLDQECGSTCAADFRDRLGVGRKLAIQILEYFDRIGFTRRRGNDHLLRDALLFPEK
1,614,1,614,EFH3392980,N/A,selenocysteine-specific translation elongation factor [Escherichia coli],0.0,614,MIIATAGHVDHGKTTLLQAITGVNADRLPEEKKRGMTIDLGYTYWPQPDGRVPGFIDVPGHEKFLSNMLAGVGGIDHALLVVACDDGVMAQTREHLAILQLTGNPMLTVALTKADRVDEARVDEVERQVKEVLREYGFAEAKLFITAATEGRGMDALREHLLQLPEREHASQHSFRLAIDRAFTVKGAGLVVTGTALSGEVKVGDSLWLTGVNKPMRVRALHAQNQPTETANAGQRIALNIAGDAEKEQINRGDWLLADVPPEPFTRVIVELQTHTPLTQWQPLHIHHAASHVTGRVSLLEDNLAELVFDTPLWLADNDRLVLRDISARNTLAGARVVMLNPPRRGKRKPEYLQWLASLARAQSDADALSVHLERGAVNLADFAWARQLNGEGMRELLQQPGYIQAGYSLLNAPVAARWQRKILDTLATYHEQHRDEPGPGRERLRRMALPMEDEALVLLLIEKMRESGDIHSHHGWLHLPDHKAGFSEEQQAIWQKAEPLFGDEPWWVRDLAKETGTDEQAMRLTLRQAAQQGIITAIVKDRYYRNDRIVEFANMIRDLDQECGSTCAADFRDRLGVGRKLAIQILEYFDRIGFTRRRGNDHLLRDALLFPEK
1,614,1,614,WP_158138151,N/A,selenocysteine-specific translation elongation factor [Escherichia coli],0.0,614,MIIATAGHVDHGKTTLLQAITGVNADRLPEEKKRGMTIDLGYAYWPQPDGRVPGFIDVPGHEKFLSNMLAGVGGIDHALLVVACDDGVMAQTREHLAILQLTGNPMLTVALTKADRVDEARVDEVERQVKEVLREYGFAEAKLFITAATEGRGMDALREHLLQLPEREHASQHSFRFAIDRAFTVKGAGLVVTGTALSGEVKVGDSLWLTGVNKPMRVRALHAQNQPTETANAGQRIALNIAGDAEKEQINRGDWLLADVPPEPFTRVIVELQTHTPLTQWQPLHIHHAASHVTGRVSLLEDNLAELVFDTPLWLADNDRLVLRDISARNTLAGARVVMLNPPRRGKRKPEYLQWLASLARAQSDADALSVHLERGAVNLADFAWARQLNGEGMRELLQQPGYIQAGYSLLNAPVAARWQRKILDTLATYHEQHRDEPGPGRERLRRMALPMEDEALVLLLIEKMRESGDIHSHHGWLHLPDHKAGFSEEQQAIWQKAEPLFGDEPWWVRDLAKETGTDEQAMRLTLRQAAQQGIITAIVKDRYYRNDRIVEFANMIRDLDQECGSTCAADFRDRLGVGRKLAIQILEYFDRIGFTRRRGNDHLLRDALLFPEK
1,614,1,614,HBD3531427,N/A,selenocysteine-specific translation elongation factor [Escherichia coli],0.0,614,MIIATAGHVDHGKTTLLQAITGVNADRLPEEKKRGMTIDLGYAYWPQPDGRVPGFIDVPGHEKFLSNMLAGVGGIDHALLVVACDDGVMAQTREHLAILQLTGNPMLTVALTKADRVDEARVNEVERQVKEVLREYGFAEAKLFITAATEGRGMDALREHLLQLPEREHASQHSFRLAIDRAFTVKGAGLVVTGTALSGEVKVGDSLWLTGVNKPMRVRALHAQNQPTETANAGQRIALNIAGDAEKEQINRGDWLLADVPPEPFTRVIVELQTHTPLTQWQPLHIHHAASHVTGRVSLLEDNLAELVFDTPLWLADNDRLVLRDISARNTLAGARVVMLNPPRRGKRKPEYLQWLASLARAQSDADALSVHLERGAVNLADFAWARQLNGEGMRELLQQPGYIQAGYSLLNAPVAARWQRKILDTLATYHEQHRDEPGPGRERLRRMALPMEDEALVLLLIEKMRESGDIHSHHGWLHLPDHKAGFSEEQQAIWQKAEPLFGDEPWWVRDLAKETGTDEQAMRLTLRQAAQQGIITAIVKDRYYRNDRIVEFANMIRDLDQECGSTCAADFRDRLGVGRKLAIQILEYFDRIGFTRRRGNDHLLRDALLFPEK
1,614,1,614,WP_113449405,N/A,selenocysteine-specific translation elongation factor [Escherichia coli],0.0,614,MIIATAGHVDHGKTTLLQAITGVNADRLPEEKKRGMTIDLGYAYWPQPDGRVPGFIDVPGHEKFLSNMLAGVGGIDHALLVVACDDGVMAQTREHLAILQLTGNPMLTVALTKADRVDEARVDEVERQVKEVLREYGFAEAKLFITAATEGRGMDALREHLLQLPEREHASQHSFRLAIDRAFTVKGAGLVVTGTALSGEVKVGDSLWLTGVNKPMRVRALHAQNQPTETANAGQRIALNIAGDAEKEQINRGDWLLADVPPEPFTRVIVELQTHTPLTQWQPLHIHHAASHVTGRVSLLEDNLAELVFDTPLWLADNDRLVLRDISARNTLAGARVVMLNPPRRGKRKPEYLQWLASLARAQSDADALSVHLERGAVNLADFAWARQLNGEGMRELLQQPGYIQAGYSLLNAPVAARWQRKILDTLATYHEQHRDEPGPGRERLRRMALPMEDEALVLLLIEKMRESGDIHSHHGWLHLPDHKAGFSEEQQAIWQKAEPLFGDEPWWVRDLAKETGTDEQAMRLTLRQAAQQGIITAIVKDRYYRNDRIVEFANMIRDLDQECGSTCAADFRDRLGVGRKLAIQILEYFDRIGFTRRRGNNHLLRDALLFPEK
